Stealing107_x264.mp4,locker_room
RoadAccidents075_x264.mp4,bus_station/indoor
Abuse037_x264.mp4,construction_site
Shoplifting036_x264.mp4,shoe_shop
Assault044_x264.mp4,elevator_shaft
Normal_Videos164_x264.mp4,television_studio
RoadAccidents073_x264.mp4,highway
Fighting008_x264.mp4,engine_room
Explosion016_x264.mp4,mosque/outdoor
Vandalism012_x264.mp4,home_theater
RoadAccidents064_x264.mp4,beauty_salon
Burglary044_x264.mp4,elevator_shaft
Shooting027_x264.mp4,jail_cell
Assault004_x264.mp4,home_theater
RoadAccidents004_x264.mp4,construction_site
Assault029_x264.mp4,aquarium
Arson015_x264.mp4,elevator_shaft
Fighting034_x264.mp4,booth/indoor
Fighting036_x264.mp4,home_theater
Robbery027_x264.mp4,hardware_store
Arrest011_x264.mp4,home_theater
Abuse045_x264.mp4,beauty_salon
Arrest046_x264.mp4,beauty_salon
Shooting017_x264.mp4,locker_room
Arson045_x264.mp4,movie_theater/indoor
Normal_Videos480_x264.mp4,beauty_salon
Stealing096_x264.mp4,home_theater
Normal_Videos_453_x264.mp4,booth/indoor
Explosion042_x264.mp4,arena/performance
Vandalism044_x264.mp4,home_theater
Robbery091_x264.mp4,office_cubicles
Arrest047_x264.mp4,other
RoadAccidents096_x264.mp4,airplane_cabin
Assault030_x264.mp4,home_theater
Burglary090_x264.mp4,home_theater
Stealing065_x264.mp4,highway
Shooting039_x264.mp4,home_theater
Fighting048_x264.mp4,crosswalk
Stealing088_x264.mp4,junkyard
Shoplifting030_x264.mp4,arena/performance
Arrest016_x264.mp4,crosswalk
Burglary061_x264.mp4,television_studio
Abuse001_x264.mp4,home_theater
Fighting037_x264.mp4,amusement_arcade
Assault042_x264.mp4,crosswalk
Robbery007_x264.mp4,office_cubicles
Vandalism049_x264.mp4,elevator_shaft
Explosion006_x264.mp4,landing_deck
Arrest029_x264.mp4,home_theater
Abuse027_x264.mp4,kindergarden_classroom
Robbery059_x264.mp4,home_theater
Burglary033_x264.mp4,science_museum
Shooting040_x264.mp4,home_theater
Robbery099_x264.mp4,pharmacy
Shooting033_x264.mp4,home_theater
Shoplifting042_x264.mp4,arena/performance
Normal_Videos008_x264.mp4,subway_station/platform
Shooting036_x264.mp4,home_theater
Arson032_x264.mp4,home_theater
Abuse035_x264.mp4,television_studio
Explosion047_x264.mp4,home_theater
Burglary042_x264.mp4,home_theater
Normal_Videos_027_x264.mp4,office_cubicles
Vandalism048_x264.mp4,elevator_shaft
Vandalism042_x264.mp4,landing_deck
Shoplifting009_x264.mp4,engine_room
Stealing044_x264.mp4,car_interior
Arson006_x264.mp4,home_theater
Shoplifting034_x264.mp4,arena/performance
Arson053_x264.mp4,home_theater
